Torrey,Child,0357303474,2022-02-05 16:39:28
Seka,Baylis,5075750389,2022-02-21 21:32:35
Eddi,Ruusa,4065336678,2022-05-27 07:07:16
Kellen,Yeiles,9339974328,2022-07-19 18:16:06
Inez,Harrigan,6988432140,2022-10-12 12:11:19
Miles,Georgescu,3428255488,2022-11-21 08:00:19
Byrle,Glazebrook,5231013498,2022-02-20 20:21:33
Laverne,Davie,4751399128,2022-10-19 08:25:02
Gino,Coate,8455968001,2021-12-07 10:24:58
Say,Powner,2353639763,2022-06-26 08:08:05
William,Gary,7988878743,2022-07-23 11:48:55
Ellissa,Glenton,2993833650,2022-01-13 19:07:23
Omero,Samuels,2945731010,2022-10-16 12:52:09
Papageno,Rohloff,7255877109,2022-11-19 06:40:58
Launce,Garmston,2352320666,2022-05-06 22:27:44
Arluene,Audibert,2019917718,2022-09-23 16:58:18
Ursula,Greenhowe,0305974572,2022-05-08 07:20:44
Rhona,Robuchon,4910210288,2022-08-19 08:58:13
Zoe,Barnwill,5679900181,2022-12-23 08:43:47
Woody,Mitchenson,4319465903,2022-07-30 04:33:02
Jere,Heffer,3289822214,2022-02-23 16:32:31
Beitris,Geddis,5901924460,2022-11-12 11:57:24
Valeria,Zuker,9085393353,2022-11-08 05:43:40
Nikola,Darwen,6012421974,2022-05-11 10:08:10
Esmeralda,Dutch,2116470293,2022-04-17 05:48:52
Garwood,Jedrych,3749554889,2022-12-12 01:33:53
Oralia,Cossentine,1891215000,2022-04-01 09:49:54
Mitchael,Rubinfajn,8240290825,2022-11-27 08:16:48
Dukie,Barnsdale,0639118941,2021-12-16 15:47:40
Andy,Stoner,9874397721,2022-09-05 03:11:58
Delmore,Layborn,6855228100,2022-01-16 00:32:51
Lorens,Goodenough,7956284929,2022-03-26 02:51:54
Zorina,Jery,8701312693,2022-06-05 01:27:34
Maddalena,Shearwood,2702896049,2022-04-06 02:51:00
Lem,Gerrad,9054352868,2022-09-13 12:16:29
Clarette,Heberden,1213589940,2022-04-19 03:21:01
Ibrahim,Alloisi,6302837081,2022-11-17 21:37:20
Teddie,Gallichiccio,9602646357,2022-01-24 21:15:24
Tobin,Varcoe,0447392859,2022-03-21 13:31:41
Christyna,Blown,6451326356,2022-09-17 22:17:15
Ollie,Summerscales,2324969548,2022-07-16 05:35:37
Charity,Reany,2374076431,2022-01-11 21:29:20
Garik,Shatford,7367176293,2022-01-17 22:39:06
Alwyn,Rains,7678400160,2022-11-11 17:12:44
Kristine,Glencorse,5561526812,2022-06-27 05:42:16
Harman,Pallin,0065799267,2022-06-11 23:51:38
Adolphus,Alvey,1604488468,2022-08-21 20:14:14
Harry,Craddock,6840044831,2022-07-31 18:21:12
Cornelius,Simonassi,8898160518,2022-11-20 12:19:50
Kaylil,Hargate,6441416549,2022-05-28 06:51:19
Janis,McLugish,4741793702,2021-12-04 06:09:53
Charisse,Medlar,2754996451,2022-01-31 05:56:06
Welby,Howcroft,2396536249,2022-11-19 23:43:44
Edgar,Bridges,8371130376,2022-03-31 01:12:47
Burke,Laight,2505449724,2022-07-23 13:21:43
Darcie,Decruse,3663345556,2022-09-11 21:45:39
Velvet,Stobart,1130239926,2021-12-23 22:34:01
Teddy,Witling,8957462716,2022-09-24 09:07:59
Taryn,Dunstall,9343389434,2021-12-17 18:11:24
Libbey,Kensley,5128357899,2022-12-08 20:04:15
Ediva,Hendrikse,8319940761,2022-06-12 04:55:58
Koressa,Copnell,9885434038,2022-10-15 12:17:59
Jarad,Marklund,4641719799,2022-02-12 09:16:41
Gilbert,Ledstone,3237664235,2022-03-03 12:38:01
Romona,Baggally,3864673798,2022-09-14 00:10:09
Barth,Jerratsch,6493874319,2022-06-05 02:29:32
Erl,Chesswas,7194391767,2022-12-12 23:12:49
Kort,Gunning,1657447464,2022-12-08 09:51:37
Yancy,Atger,5749517616,2022-10-17 19:37:40
Terencio,Theobold,8365545055,2022-05-11 16:54:23
Vida,Clapperton,6438139181,2022-02-11 08:37:40
Xavier,Cogdell,1235449645,2022-01-04 00:46:26
Vivienne,Prentice,9818548809,2022-01-26 15:48:37
Cordula,Dinsmore,9017462353,2022-03-25 21:53:59
Phyllida,Margerison,4828520740,2022-10-24 19:18:25
Homerus,Couper,2625205172,2022-04-05 06:47:18
Toby,Busse,6240523771,2022-08-16 02:16:44
Gale,Rannigan,9740422764,2022-11-26 02:56:06
Allis,Dulwich,6169704543,2022-04-04 13:14:23
Shina,Giacomelli,0356798275,2022-08-04 23:40:26
Sayre,Avo,7968630479,2022-11-27 16:45:14
Gloriana,Goundrill,1023548305,2021-12-20 08:45:15
Maighdiln,Duester,1405309741,2021-12-21 13:16:21
Devin,Scullion,4755442117,2021-12-14 15:10:20
Analiese,Coit,5537447703,2022-12-27 17:26:00
Mirabelle,Lockton,9961966600,2022-12-11 14:05:24
Erasmus,Sallery,0924294604,2022-09-15 01:01:41
Linnea,Kenwyn,0972338845,2022-09-11 07:14:59
Dniren,Fullard,8046772666,2022-04-16 17:23:29
Tori,Rawstorn,5152411180,2022-05-02 22:23:48
Bret,Bourrel,6266914301,2021-12-08 06:03:50
Chaddy,Stalf,8457724487,2022-05-15 23:25:10
Bunny,Meron,8582869509,2022-01-15 04:38:09
Courtney,Papworth,1521164649,2022-04-23 09:11:39
Hollis,Drillot,4922654828,2022-06-11 15:06:28
Brook,Phillcox,2739092164,2022-10-06 00:34:45
Fabian,Niles,6692438799,2022-02-17 08:17:12
Mick,Oughton,4500067132,2022-01-30 15:15:22
Christiano,McAteer,2015728090,2022-09-20 20:37:35
Rahul,Sonkar,9131535028,252525-02-58 22:27:589